{
    "actual_fevals": 40, 
    "alg": "BN-approx", 
    "dim": 2, 
    "fevals": 40, 
    "regret_trace": [
        0.16572541834840065, 
        0.1541022463836527, 
        0.1541022463836527, 
        0.06395051153043871, 
        0.06395051153043871, 
        0.06395051153043871, 
        0.06395051153043871, 
        0.06395051153043871, 
        0.021173617436073815, 
        0.021173617436073815, 
        0.0006198535027859793, 
        0.0004061293011290043, 
        0.0004061293011290043, 
        0.0001961964821022985, 
        0.0001961964821022985, 
        0.0001961964821022985, 
        0.0001961964821022985, 
        0.00016155397401346514, 
        0.00016155397401346514, 
        0.00016155397401346514, 
        0.00016155397401346514, 
        0.00016155397401346514, 
        0.00016155397401346514, 
        0.00016155397401346514, 
        0.00016155397401346514, 
        0.0001421681764923084, 
        0.0001421681764923084, 
        0.0001421681764923084, 
        0.0001358918451033736, 
        0.0001358918451033736, 
        0.0001358918451033736, 
        0.0001358918451033736, 
        0.0001358918451033736, 
        0.0001358918451033736, 
        0.0001358918451033736, 
        0.0001358918451033736, 
        8.615732323714526e-05, 
        4.635871309087581e-05, 
        4.635871309087581e-05, 
        4.635871309087581e-05
    ], 
    "run": 0
}