{
    "actual_fevals": 20, 
    "alg": "GPG-psim", 
    "dim": 2, 
    "fevals": 20, 
    "regret_trace": [
        0.156844398373905, 
        0.09770711423407902, 
        0.09770711423407902, 
        0.09770711423407902, 
        0.05808581193372093, 
        0.018448047119659403, 
        0.018448047119659403, 
        0.018448047119659403, 
        1.3694881349199474e-06, 
        1.3694881349199474e-06, 
        1.3694881349199474e-06, 
        1.3694881349199474e-06, 
        1.3694881349199474e-06, 
        1.3694881349199474e-06, 
        1.3694881349199474e-06, 
        1.3694881349199474e-06, 
        1.3694881349199474e-06, 
        1.3694881349199474e-06, 
        1.3694881349199474e-06, 
        1.3694881349199474e-06
    ], 
    "run": 1
}