{
    "actual_fevals": 20, 
    "alg": "GPG-psim", 
    "dim": 2, 
    "fevals": 20, 
    "regret_trace": [
        0.16006874817396904, 
        0.12789138905609904, 
        0.1270703624628064, 
        0.1270703624628064, 
        0.07176596976190262, 
        0.07176596976190262, 
        0.07176596976190262, 
        0.07176596976190262, 
        0.07176596976190262, 
        0.0463219185632465, 
        0.0463219185632465, 
        0.0463219185632465, 
        0.04225296770332936, 
        0.04225296770332936, 
        0.02414834199977691, 
        0.02414834199977691, 
        0.023727699355467025, 
        0.023727699355467025, 
        0.019017805100960575, 
        0.019017805100960575
    ], 
    "run": 1
}