{
    "actual_fevals": 837, 
    "alg": "BR", 
    "dim": 2, 
    "fevals": 40, 
    "regret_trace": [
        0.05574904500067991, 
        0.05574904500067991, 
        0.05574904500067991, 
        0.05574904500067991, 
        0.05574904500067991, 
        0.04749350524485132, 
        0.04749350524485132, 
        0.04749350524485132, 
        0.04749350524485132, 
        0.04749350524485132, 
        0.04204672971653385, 
        0.04204672971653385, 
        0.03653789324997686, 
        0.03653789324997686, 
        0.03653789324997686, 
        0.03653789324997686, 
        0.03653789324997686, 
        0.03653789324997686, 
        0.03653789324997686, 
        0.03653789324997686, 
        0.03653789324997686, 
        0.03653789324997686, 
        0.03653789324997686, 
        0.03653789324997686, 
        0.03653789324997686, 
        0.03653789324997686, 
        0.03653789324997686, 
        0.03653789324997686, 
        0.03653789324997686, 
        0.03653789324997686, 
        0.03626980136810501, 
        0.03626980136810501, 
        0.03626980136810501, 
        0.03626980136810501, 
        0.03626980136810501, 
        0.03626980136810501, 
        0.03626980136810501, 
        0.03626980136810501, 
        0.03626980136810501, 
        0.03626980136810501
    ], 
    "run": 3
}