{
    "actual_fevals": 171, 
    "alg": "BR", 
    "dim": 2, 
    "fevals": 40, 
    "regret_trace": [
        0.17238220394593634, 
        0.17237018755310377, 
        0.17237018755310377, 
        0.17237018755310377, 
        0.17237018755310377, 
        0.17237018755310377, 
        0.17237018755310377, 
        0.17237018755310377, 
        0.17237018755310377, 
        0.17237018755310377, 
        0.17237018755310377, 
        0.17237018755310377, 
        0.17237018755310377, 
        0.17237018755310377, 
        0.17237018755310377, 
        0.17237018755310377, 
        0.17237018755310377, 
        0.17236817138767652, 
        0.17226632433061098, 
        0.17226632433061098, 
        0.17226632433061098, 
        0.08998552823966122, 
        0.08998552823966122, 
        0.0618977325765857, 
        0.061799291510328494, 
        0.06178423345256921, 
        0.06178423345256921, 
        0.06178423345256921, 
        0.06178423345256921, 
        0.06175929122332678, 
        0.06175929122332678, 
        0.06175929122332678, 
        0.061626633805384995, 
        0.061626633805384995, 
        0.061626633805384995, 
        0.061626633805384995, 
        0.061626633805384995, 
        0.061626633805384995, 
        0.061626633805384995, 
        0.061626633805384995
    ], 
    "run": 0
}