{
    "actual_fevals": 40, 
    "alg": "GPG-psim", 
    "dim": 2, 
    "fevals": 40, 
    "regret_trace": [
        0.36948020997456926, 
        0.36948020997456926, 
        0.2222047952194197, 
        0.10045992966842132, 
        0.06978786353924733, 
        0.06978786353924733, 
        0.06978786353924733, 
        0.06978786353924733, 
        0.05453268349046061, 
        0.003139603861664546, 
        0.0025208386269367283, 
        0.0025208386269367283, 
        6.104635704397065e-05, 
        6.104635704397065e-05, 
        6.104635704397065e-05, 
        6.104635704397065e-05, 
        6.104635704397065e-05, 
        6.104635704397065e-05, 
        6.104635704397065e-05, 
        6.104635704397065e-05, 
        6.104635704397065e-05, 
        6.104635704397065e-05, 
        6.104635704397065e-05, 
        6.104635704397065e-05, 
        6.104635704397065e-05, 
        6.104635704397065e-05, 
        6.104635704397065e-05, 
        6.104635704397065e-05, 
        6.104635704397065e-05, 
        6.104635704397065e-05, 
        6.104635704397065e-05, 
        6.104635704397065e-05, 
        6.104635704397065e-05, 
        6.104635704397065e-05, 
        6.104635704397065e-05, 
        6.104635704397065e-05, 
        6.104635704397065e-05, 
        6.104635704397065e-05, 
        6.104635704397065e-05, 
        6.104635704397065e-05
    ], 
    "run": 0
}