{
    "actual_fevals": 20, 
    "alg": "BN-exact", 
    "dim": 2, 
    "fevals": 20, 
    "regret_trace": [
        0.08997866239036922, 
        0.08997866239036922, 
        0.01879517877527625, 
        0.01879517877527625, 
        0.01879517877527625, 
        0.01879517877527625, 
        0.01879517877527625, 
        0.01879517877527625, 
        0.01879517877527625, 
        0.010491370569981728, 
        0.006791057788315998, 
        0.006250078457710907, 
        0.006250078457710907, 
        0.006250078457710907, 
        0.00033303149250855647, 
        9.592182786140144e-05, 
        9.592182786140144e-05, 
        1.4902575556280831e-05, 
        1.4902575556280831e-05, 
        1.4902575556280831e-05
    ], 
    "run": 1
}