{
    "actual_fevals": 803, 
    "alg": "BR", 
    "dim": 2, 
    "fevals": 40, 
    "regret_trace": [
        0.16076965742775517, 
        0.15007906885819045, 
        0.14146619474851813, 
        0.14146619474851813, 
        0.14146619474851813, 
        0.14146619474851813, 
        0.14146619474851813, 
        0.14146619474851813, 
        0.14082066902989437, 
        0.14082066902989437, 
        0.14082066902989437, 
        0.14082066902989437, 
        0.1388481417694012, 
        0.1388481417694012, 
        0.1388481417694012, 
        0.1388481417694012, 
        0.1388481417694012, 
        0.1388481417694012, 
        0.1388481417694012, 
        0.1388481417694012, 
        0.1388481417694012, 
        0.1388481417694012, 
        0.1388481417694012, 
        0.1388481417694012, 
        0.1388481417694012, 
        0.1388481417694012, 
        0.1388481417694012, 
        0.1388481417694012, 
        0.13712844170438632, 
        0.13712844170438632, 
        0.13712844170438632, 
        0.13712844170438632, 
        0.13712844170438632, 
        0.13712844170438632, 
        0.13712844170438632, 
        0.13712844170438632, 
        0.12941628168039582, 
        0.12941628168039582, 
        0.12941628168039582, 
        0.12941628168039582
    ], 
    "run": 5
}