{
    "actual_fevals": 20, 
    "alg": "GPG-sur", 
    "dim": 2, 
    "fevals": 20, 
    "regret_trace": [
        0.1668745601676363, 
        0.10239136844348917, 
        0.10239136844348917, 
        0.10239136844348917, 
        0.07060240364537519, 
        0.044741602901401764, 
        0.044741602901401764, 
        0.044741602901401764, 
        0.044741602901401764, 
        0.023171247580649198, 
        0.023171247580649198, 
        0.023171247580649198, 
        0.023171247580649198, 
        0.023171247580649198, 
        0.015596570089139263, 
        0.015596570089139263, 
        0.015596570089139263, 
        0.015596570089139263, 
        0.015596570089139263, 
        0.015596570089139263
    ], 
    "run": 1
}