{
    "actual_fevals": 865, 
    "alg": "BR", 
    "dim": 2, 
    "fevals": 20, 
    "regret_trace": [
        0.07025563936456032, 
        0.060281165293906036, 
        0.060281165293906036, 
        0.060281165293906036, 
        0.060281165293906036, 
        0.060281165293906036, 
        0.060281165293906036, 
        0.05488599867396857, 
        0.05488599867396857, 
        0.05488599867396857, 
        0.05488599867396857, 
        0.05488599867396857, 
        0.05488599867396857, 
        0.05488599867396857, 
        0.05488599867396857, 
        0.05488599867396857, 
        0.04911340941793167, 
        0.04911340941793167, 
        0.04911340941793167, 
        0.04911340941793167
    ], 
    "run": 0
}