{
    "actual_fevals": 20, 
    "alg": "BN-approx", 
    "dim": 2, 
    "fevals": 20, 
    "regret_trace": [
        0.10652056142192592, 
        0.10652056142192592, 
        0.027466462975389672, 
        0.027466462975389672, 
        0.027466462975389672, 
        0.027466462975389672, 
        0.027466462975389672, 
        0.027466462975389672, 
        0.027466462975389672, 
        0.027466462975389672, 
        0.027466462975389672, 
        0.027466462975389672, 
        0.027466462975389672, 
        0.027466462975389672, 
        0.027466462975389672, 
        0.027466462975389672, 
        0.027466462975389672, 
        0.01869504530127538, 
        0.01869504530127538, 
        0.018274216461165244
    ], 
    "run": 1
}