{
    "actual_fevals": 793, 
    "alg": "BR", 
    "dim": 2, 
    "fevals": 40, 
    "regret_trace": [
        0.2342501193541952, 
        0.2342501193541952, 
        0.2342501193541952, 
        0.2342501193541952, 
        0.2342501193541952, 
        0.23246691451584672, 
        0.23246691451584672, 
        0.23246691451584672, 
        0.23246691451584672, 
        0.2291474466105609, 
        0.2291474466105609, 
        0.22790754504326324, 
        0.22790754504326324, 
        0.22790754504326324, 
        0.22790754504326324, 
        0.22790754504326324, 
        0.22790754504326324, 
        0.22790754504326324, 
        0.22790754504326324, 
        0.22790754504326324, 
        0.22790754504326324, 
        0.22790754504326324, 
        0.22206559384934324, 
        0.22206559384934324, 
        0.22206559384934324, 
        0.22206559384934324, 
        0.22206559384934324, 
        0.22206559384934324, 
        0.22206559384934324, 
        0.22206559384934324, 
        0.22206559384934324, 
        0.22206559384934324, 
        0.22206559384934324, 
        0.22206559384934324, 
        0.22206559384934324, 
        0.22206559384934324, 
        0.22206559384934324, 
        0.22206559384934324, 
        0.22206559384934324, 
        0.22206559384934324
    ], 
    "run": 2
}