{
    "actual_fevals": 40, 
    "alg": "GPG-sur", 
    "dim": 2, 
    "fevals": 40, 
    "regret_trace": [
        0.3702939715153859, 
        0.3702939715153859, 
        0.2222047513096793, 
        0.10045847995827525, 
        0.06977696624671359, 
        0.06977696624671359, 
        0.06977696624671359, 
        0.06977696624671359, 
        0.054889437401681646, 
        0.003138406285427617, 
        0.003138406285427617, 
        0.002536466543706154, 
        0.0025139580430099734, 
        0.0025139580430099734, 
        0.0025139580430099734, 
        3.953704326682014e-07, 
        3.953704326682014e-07, 
        3.953704326682014e-07, 
        3.953704326682014e-07, 
        3.953704326682014e-07, 
        3.953704326682014e-07, 
        3.953704326682014e-07, 
        3.953704326682014e-07, 
        3.953704326682014e-07, 
        3.953704326682014e-07, 
        3.953704326682014e-07, 
        3.953704326682014e-07, 
        3.953704326682014e-07, 
        3.953704326682014e-07, 
        3.953704326682014e-07, 
        3.953704326682014e-07, 
        3.953704326682014e-07, 
        3.953704326682014e-07, 
        3.953704326682014e-07, 
        3.953704326682014e-07, 
        3.953704326682014e-07, 
        3.953704326682014e-07, 
        3.953704326682014e-07, 
        3.953704326682014e-07, 
        3.953704326682014e-07
    ], 
    "run": 0
}