{
    "actual_fevals": 20, 
    "alg": "BN-approx", 
    "dim": 2, 
    "fevals": 20, 
    "regret_trace": [
        0.2457474506035846, 
        0.09535105395751263, 
        0.09535105395751263, 
        0.05328705872616496, 
        0.05328705872616496, 
        0.05328705872616496, 
        0.05328705872616496, 
        0.05328705872616496, 
        0.015930003083598637, 
        0.015930003083598637, 
        0.015930003083598637, 
        0.015930003083598637, 
        0.015930003083598637, 
        0.015930003083598637, 
        0.015930003083598637, 
        0.015930003083598637, 
        0.015930003083598637, 
        0.015930003083598637, 
        0.015930003083598637, 
        0.015930003083598637
    ], 
    "run": 0
}