{
    "actual_fevals": 185, 
    "alg": "BR", 
    "dim": 2, 
    "fevals": 20, 
    "regret_trace": [
        0.04854266001480612, 
        0.04852679226764282, 
        0.04852679226764282, 
        0.04852679226764282, 
        0.04852679226764282, 
        0.048506924474394746, 
        0.048506924474394746, 
        0.048506924474394746, 
        0.048506924474394746, 
        0.048506924474394746, 
        0.048506924474394746, 
        0.048506924474394746, 
        0.048506924474394746, 
        0.048506924474394746, 
        0.048506924474394746, 
        0.048506924474394746, 
        0.048506924474394746, 
        0.048506924474394746, 
        0.048506924474394746, 
        0.048506924474394746
    ], 
    "run": 1
}