{
    "actual_fevals": 853, 
    "alg": "BR", 
    "dim": 2, 
    "fevals": 40, 
    "regret_trace": [
        0.22657947072474804, 
        0.22657947072474804, 
        0.2186148948390726, 
        0.2186148948390726, 
        0.2186148948390726, 
        0.2186148948390726, 
        0.2186148948390726, 
        0.2180840211991931, 
        0.2180840211991931, 
        0.2180840211991931, 
        0.2180840211991931, 
        0.2180840211991931, 
        0.2180840211991931, 
        0.2180840211991931, 
        0.2180840211991931, 
        0.2180840211991931, 
        0.2180840211991931, 
        0.2180840211991931, 
        0.2180840211991931, 
        0.20389788432568526, 
        0.20389788432568526, 
        0.20389788432568526, 
        0.20389788432568526, 
        0.20389788432568526, 
        0.20389788432568526, 
        0.20389788432568526, 
        0.20389788432568526, 
        0.20389788432568526, 
        0.20389788432568526, 
        0.20389788432568526, 
        0.20389788432568526, 
        0.20389788432568526, 
        0.20389788432568526, 
        0.20389788432568526, 
        0.20389788432568526, 
        0.20389788432568526, 
        0.20389788432568526, 
        0.20389788432568526, 
        0.20389788432568526, 
        0.20389788432568526
    ], 
    "run": 4
}