{
    "actual_fevals": 20, 
    "alg": "GPG-sur", 
    "dim": 2, 
    "fevals": 20, 
    "regret_trace": [
        0.1687618600973247, 
        0.10491565004699094, 
        0.10491565004699094, 
        0.10491565004699094, 
        0.07020434339501207, 
        0.07020434339501207, 
        0.07020434339501207, 
        0.07020434339501207, 
        0.06698173362695542, 
        0.02225748955844073, 
        0.02225748955844073, 
        0.021294238462756996, 
        0.021294238462756996, 
        0.01999656584877329, 
        0.01999656584877329, 
        0.01999656584877329, 
        0.01999656584877329, 
        0.01999656584877329, 
        0.01999656584877329, 
        0.01999656584877329
    ], 
    "run": 0
}