{
    "actual_fevals": 20, 
    "alg": "BN-exact", 
    "dim": 2, 
    "fevals": 20, 
    "regret_trace": [
        0.09598484555110756, 
        0.09598484555110756, 
        0.03944930438573978, 
        0.03944930438573978, 
        0.03944930438573978, 
        0.03944930438573978, 
        0.03944930438573978, 
        0.03944930438573978, 
        0.03944930438573978, 
        0.03944930438573978, 
        0.03944930438573978, 
        0.03944930438573978, 
        0.02946556996195114, 
        0.020488760322100986, 
        0.020488760322100986, 
        0.015032028006991518, 
        0.015032028006991518, 
        0.015032028006991518, 
        0.015032028006991518, 
        0.015032028006991518
    ], 
    "run": 1
}