{
    "actual_fevals": 20, 
    "alg": "BN-approx", 
    "dim": 2, 
    "fevals": 20, 
    "regret_trace": [
        0.08997903111769129, 
        0.08997903111769129, 
        0.01883334177504767, 
        0.01883334177504767, 
        0.01883334177504767, 
        0.01883334177504767, 
        0.01883334177504767, 
        0.01883334177504767, 
        0.01883334177504767, 
        0.01831887492488825, 
        0.01831887492488825, 
        0.01831887492488825, 
        0.000831438387800233, 
        0.000831438387800233, 
        0.000831438387800233, 
        0.000831438387800233, 
        0.000831438387800233, 
        0.0007498237179011135, 
        0.0007498237179011135, 
        0.000363404884481342
    ], 
    "run": 1
}