{
    "actual_fevals": 40, 
    "alg": "BN-approx", 
    "dim": 2, 
    "fevals": 40, 
    "regret_trace": [
        0.16572623753032747, 
        0.15410295514944605, 
        0.15410295514944605, 
        0.06395309452975188, 
        0.06395309452975188, 
        0.06395309452975188, 
        0.06395309452975188, 
        0.06395309452975188, 
        0.021166184634160132, 
        0.021166184634160132, 
        0.0005604915829068807, 
        0.00039165668675034224, 
        0.00039165668675034224, 
        0.0003048041085909174, 
        -1.4450970462148304e-05, 
        -1.4450970462148304e-05, 
        -1.4450970462148304e-05, 
        -1.4450970462148304e-05, 
        -1.4450970462148304e-05, 
        -1.4450970462148304e-05, 
        -1.4450970462148304e-05, 
        -1.4450970462148304e-05, 
        -1.4450970462148304e-05, 
        -1.4450970462148304e-05, 
        -1.4450970462148304e-05, 
        -1.4450970462148304e-05, 
        -1.4450970462148304e-05, 
        -1.4450970462148304e-05, 
        -1.4450970462148304e-05, 
        -1.4450970462148304e-05, 
        -1.4450970462148304e-05, 
        -1.4450970462148304e-05, 
        -1.4450970462148304e-05, 
        -1.4450970462148304e-05, 
        -1.4450970462148304e-05, 
        -1.4450970462148304e-05, 
        -1.4450970462148304e-05, 
        -1.4450970462148304e-05, 
        -1.4450970462148304e-05, 
        -1.4450970462148304e-05
    ], 
    "run": 0
}