{
    "actual_fevals": 40, 
    "alg": "BN-exact", 
    "dim": 2, 
    "fevals": 40, 
    "regret_trace": [
        0.16573117647046468, 
        0.15410246132975974, 
        0.15410246132975974, 
        0.0638532843643756, 
        0.0638532843643756, 
        0.0638532843643756, 
        0.0638532843643756, 
        0.0638532843643756, 
        0.021173231016960656, 
        0.021173231016960656, 
        0.000720921655577295, 
        0.000720921655577295, 
        0.000720921655577295, 
        0.00041792733704541394, 
        0.00041792733704541394, 
        0.00041792733704541394, 
        0.00041792733704541394, 
        0.00041792733704541394, 
        -1.340722625679429e-05, 
        -1.340722625679429e-05, 
        -0.00018034279314384254, 
        -0.00018034279314384254, 
        -0.00018034279314384254, 
        -0.00018034279314384254, 
        -0.00018034279314384254, 
        -0.00018034279314384254, 
        -0.00018034279314384254, 
        -0.00018034279314384254, 
        -0.00018034279314384254, 
        -0.00018034279314384254, 
        -0.00018034279314384254, 
        -0.00018034279314384254, 
        -0.00018034279314384254, 
        -0.00018034279314384254, 
        -0.00018034279314384254, 
        -0.00018034279314384254, 
        -0.00018034279314384254, 
        -0.00018034279314384254, 
        -0.00018034279314384254, 
        -0.00018034279314384254
    ], 
    "run": 0
}