{
    "actual_fevals": 40, 
    "alg": "GPG-psim", 
    "dim": 2, 
    "fevals": 40, 
    "regret_trace": [
        0.3702928958912056, 
        0.3702928958912056, 
        0.22220107463505148, 
        0.1004091087799979, 
        0.0696984830896728, 
        0.0696984830896728, 
        0.0696984830896728, 
        0.0696984830896728, 
        0.054896349846804596, 
        0.003139705159172209, 
        0.002509617703012546, 
        0.002509617703012546, 
        5.996383424748297e-05, 
        5.996383424748297e-05, 
        5.996383424748297e-05, 
        5.996383424748297e-05, 
        5.996383424748297e-05, 
        5.996383424748297e-05, 
        5.996383424748297e-05, 
        5.996383424748297e-05, 
        5.996383424748297e-05, 
        5.996383424748297e-05, 
        5.996383424748297e-05, 
        5.996383424748297e-05, 
        5.996383424748297e-05, 
        5.996383424748297e-05, 
        5.996383424748297e-05, 
        5.996383424748297e-05, 
        5.996383424748297e-05, 
        5.996383424748297e-05, 
        5.996383424748297e-05, 
        5.996383424748297e-05, 
        5.996383424748297e-05, 
        5.996383424748297e-05, 
        5.996383424748297e-05, 
        5.996383424748297e-05, 
        5.996383424748297e-05, 
        5.996383424748297e-05, 
        5.996383424748297e-05, 
        5.996383424748297e-05
    ], 
    "run": 0
}