{
    "actual_fevals": 40, 
    "alg": "GPG-sur", 
    "dim": 2, 
    "fevals": 40, 
    "regret_trace": [
        0.37029314700493393, 
        0.37029314700493393, 
        0.22220446164529975, 
        0.10045988282039425, 
        0.06978806229160608, 
        0.06978806229160608, 
        0.06978806229160608, 
        0.06978806229160608, 
        0.05489408636941836, 
        0.0018801822962628452, 
        0.0018801822962628452, 
        0.0018801822962628452, 
        0.0018801822962628452, 
        0.0018801822962628452, 
        0.0018801822962628452, 
        6.0779718546424796e-05, 
        6.0779718546424796e-05, 
        6.0779718546424796e-05, 
        6.0779718546424796e-05, 
        6.0779718546424796e-05, 
        6.0779718546424796e-05, 
        6.0779718546424796e-05, 
        6.0779718546424796e-05, 
        6.0779718546424796e-05, 
        6.0779718546424796e-05, 
        6.0779718546424796e-05, 
        6.0779718546424796e-05, 
        6.0779718546424796e-05, 
        6.0779718546424796e-05, 
        6.0779718546424796e-05, 
        6.0779718546424796e-05, 
        6.0779718546424796e-05, 
        6.0779718546424796e-05, 
        6.0779718546424796e-05, 
        6.0779718546424796e-05, 
        6.0779718546424796e-05, 
        6.0779718546424796e-05, 
        6.0779718546424796e-05, 
        6.0779718546424796e-05, 
        6.0779718546424796e-05
    ], 
    "run": 0
}