{
    "actual_fevals": 20, 
    "alg": "BN-exact", 
    "dim": 2, 
    "fevals": 20, 
    "regret_trace": [
        0.26972492872865717, 
        0.08623114291903008, 
        0.08623114291903008, 
        0.047700768084880135, 
        0.047700768084880135, 
        0.047700768084880135, 
        0.047700768084880135, 
        0.023577069897833983, 
        0.023577069897833983, 
        0.023577069897833983, 
        0.023577069897833983, 
        0.023577069897833983, 
        0.023577069897833983, 
        0.023577069897833983, 
        0.023577069897833983, 
        0.023577069897833983, 
        0.023577069897833983, 
        0.023577069897833983, 
        0.023577069897833983, 
        0.023577069897833983
    ], 
    "run": 0
}