{
    "actual_fevals": 923, 
    "alg": "BR", 
    "dim": 2, 
    "fevals": 20, 
    "regret_trace": [
        0.06983337612773692, 
        0.05710109635836158, 
        0.05710109635836158, 
        0.05710109635836158, 
        0.05710109635836158, 
        0.05710109635836158, 
        0.05710109635836158, 
        0.05710109635836158, 
        0.05710109635836158, 
        0.05710109635836158, 
        0.05710109635836158, 
        0.048331783747053145, 
        0.048331783747053145, 
        0.048331783747053145, 
        0.0473719263080769, 
        0.0473719263080769, 
        0.0473719263080769, 
        0.0473719263080769, 
        0.0473719263080769, 
        0.0473719263080769
    ], 
    "run": 1
}