{
    "actual_fevals": 20, 
    "alg": "GPG-sur", 
    "dim": 2, 
    "fevals": 20, 
    "regret_trace": [
        0.15695825758810153, 
        0.09769684886932557, 
        0.09769684886932557, 
        0.09769684886932557, 
        0.058079625474622025, 
        0.02237789699255749, 
        0.0027158104474600746, 
        0.0027158104474600746, 
        0.0027158104474600746, 
        0.0027158104474600746, 
        0.0027158104474600746, 
        0.0027158104474600746, 
        -2.6263155078726654e-05, 
        -2.6263155078726654e-05, 
        -2.6263155078726654e-05, 
        -2.6263155078726654e-05, 
        -2.6263155078726654e-05, 
        -2.6263155078726654e-05, 
        -2.6263155078726654e-05, 
        -2.6263155078726654e-05
    ], 
    "run": 1
}