{
    "actual_fevals": 817, 
    "alg": "BR", 
    "dim": 2, 
    "fevals": 40, 
    "regret_trace": [
        0.17309394713273615, 
        0.17309394713273615, 
        0.17309394713273615, 
        0.17309394713273615, 
        0.17309394713273615, 
        0.17309394713273615, 
        0.17309394713273615, 
        0.17309394713273615, 
        0.17309394713273615, 
        0.17309394713273615, 
        0.17172456119416757, 
        0.167047634499046, 
        0.15735012126428, 
        0.15735012126428, 
        0.14342675250902379, 
        0.14342675250902379, 
        0.14342675250902379, 
        0.14342675250902379, 
        0.14342675250902379, 
        0.14342675250902379, 
        0.14342675250902379, 
        0.14342675250902379, 
        0.14342675250902379, 
        0.14342675250902379, 
        0.14342675250902379, 
        0.14342675250902379, 
        0.14342675250902379, 
        0.14342675250902379, 
        0.14342675250902379, 
        0.14342675250902379, 
        0.14342675250902379, 
        0.14342675250902379, 
        0.14342675250902379, 
        0.14342675250902379, 
        0.14342675250902379, 
        0.14342675250902379, 
        0.14342675250902379, 
        0.14342675250902379, 
        0.14342675250902379, 
        0.14342675250902379
    ], 
    "run": 6
}