{
    "actual_fevals": 40, 
    "alg": "BN-exact", 
    "dim": 2, 
    "fevals": 40, 
    "regret_trace": [
        0.16572318869112507, 
        0.15401960360192943, 
        0.15401960360192943, 
        0.06394727654382928, 
        0.06394727654382928, 
        0.06394727654382928, 
        0.06394727654382928, 
        0.06394727654382928, 
        0.021173549770827534, 
        0.021173549770827534, 
        0.0007653660638645165, 
        0.0007653660638645165, 
        0.0007653660638645165, 
        0.0004407481050962369, 
        0.0004407481050962369, 
        -1.7802929529043436e-08, 
        -1.7802929529043436e-08, 
        -1.7802929529043436e-08, 
        -1.7802929529043436e-08, 
        -1.7802929529043436e-08, 
        -1.7802929529043436e-08, 
        -1.7802929529043436e-08, 
        -1.0911073666551643e-05, 
        -1.0911073666551643e-05, 
        -1.0911073666551643e-05, 
        -1.0911073666551643e-05, 
        -1.0911073666551643e-05, 
        -1.0911073666551643e-05, 
        -1.0911073666551643e-05, 
        -1.0911073666551643e-05, 
        -1.0911073666551643e-05, 
        -1.0911073666551643e-05, 
        -1.0911073666551643e-05, 
        -1.0911073666551643e-05, 
        -1.0911073666551643e-05, 
        -1.0911073666551643e-05, 
        -1.0911073666551643e-05, 
        -1.0911073666551643e-05, 
        -2.0444112186918073e-05, 
        -2.0444112186918073e-05
    ], 
    "run": 0
}