{
    "actual_fevals": 171, 
    "alg": "BR", 
    "dim": 2, 
    "fevals": 40, 
    "regret_trace": [
        0.17237067742463152, 
        0.17237067742463152, 
        0.1723090915378549, 
        0.1723090915378549, 
        0.1723090915378549, 
        0.1723090915378549, 
        0.1723090915378549, 
        0.1723090915378549, 
        0.1723090915378549, 
        0.1723090915378549, 
        0.1723090915378549, 
        0.1722989209557208, 
        0.1722989209557208, 
        0.1722989209557208, 
        0.1722989209557208, 
        0.1722989209557208, 
        0.1722989209557208, 
        0.1722989209557208, 
        0.1722989209557208, 
        0.1722989209557208, 
        0.1722989209557208, 
        0.08999434101237355, 
        0.08999102948407195, 
        0.061908017145268245, 
        0.06190557817590322, 
        0.06190557817590322, 
        0.06164515774167711, 
        0.06164515774167711, 
        0.06164515774167711, 
        0.06164515774167711, 
        0.06164515774167711, 
        0.06164515774167711, 
        0.06164515774167711, 
        0.06164515774167711, 
        0.06164515774167711, 
        0.06164515774167711, 
        0.06164515774167711, 
        0.06164515774167711, 
        0.06164515774167711, 
        0.06164515774167711
    ], 
    "run": 0
}