{
    "actual_fevals": 20, 
    "alg": "GPG-psim", 
    "dim": 2, 
    "fevals": 20, 
    "regret_trace": [
        0.1682438766856045, 
        0.11492058491379575, 
        0.11492058491379575, 
        0.11492058491379575, 
        0.06806287039089695, 
        0.06806287039089695, 
        0.06806287039089695, 
        0.06806287039089695, 
        0.06806287039089695, 
        0.019810208191563358, 
        0.019810208191563358, 
        0.019810208191563358, 
        0.019810208191563358, 
        0.019810208191563358, 
        0.019810208191563358, 
        0.019810208191563358, 
        0.019810208191563358, 
        0.019810208191563358, 
        0.017705469432567362, 
        0.016899819927268644
    ], 
    "run": 0
}